volunteer_id,first_name,last_name,dob,email,address,title,days_available
V0001,Stephanie,Morgan,1991-08-24,williamchandler@rocha.com,138 William Forks Apt. 321,Tutor,"Friday, Tuesday, Wednesday, Saturday"
V0002,Brian,Martinez,1975-07-12,davisstephanie@andrade.biz,805 Smith Manors Apt. 085,Food Distributor,"Monday, Saturday, Tuesday, Thursday, Sunday"
V0003,Miranda,Horne,1995-03-27,jessica20@hotmail.com,99845 Rodriguez Haven,Event Organizer,"Thursday, Friday, Tuesday, Saturday, Monday"
V0004,Kristen,Baird,1982-04-10,lindsey22@perez.com,49172 Dana Plaza,Food Distributor,"Friday, Sunday"
V0005,David,Reyes,1988-01-19,mcdonaldleah@roberts.com,518 Williams Port Suite 125,Event Organizer,"Friday, Monday, Wednesday, Thursday"
V0006,Jennifer,Simmons,1969-03-20,thomas86@gmail.com,430 Christine Divide,Medical Assistant,"Tuesday, Wednesday, Monday"
V0007,John,Maldonado,1971-07-25,acunningham@zimmerman.biz,50243 Ramirez Light Suite 735,Event Organizer,"Sunday, Saturday"
V0008,James,Murphy,1981-08-19,kholloway@mckay.com,3777 Richards Greens Suite 444,Medical Assistant,"Sunday, Saturday, Tuesday, Friday"
V0009,Jonathan,Burton,1964-06-05,mjones@yahoo.com,587 Paul Drives Suite 101,Food Distributor,"Monday, Sunday, Tuesday, Thursday"
V0010,Jason,Bryant,2000-02-25,james76@hotmail.com,360 Melissa Hill Apt. 410,Medical Assistant,"Wednesday, Friday, Tuesday, Saturday, Monday"
V0011,Matthew,Jones,2004-04-06,miguel09@rojas-carter.com,0002 Shawna Cliffs,Event Organizer,"Monday, Saturday, Wednesday"
V0012,Theresa,Lucas,1994-01-13,nicole02@johnson-thompson.com,8341 Henson Coves,Care Giver,"Tuesday, Thursday, Wednesday, Monday, Friday"
V0013,Eileen,Guerra,1965-05-04,bentonsonya@hotmail.com,2295 Gonzalez Islands,Care Giver,"Wednesday, Saturday, Sunday, Tuesday, Friday"
V0014,Jason,Oliver,1997-07-01,ffranklin@hotmail.com,808 Charles Gateway,Event Organizer,"Saturday, Thursday, Monday, Tuesday, Wednesday"
V0015,Andrea,Hall,1984-12-25,heidi21@lee.net,5347 Anderson Station Apt. 022,Medical Assistant,"Monday, Saturday, Wednesday, Thursday"
V0016,Heather,Snyder,1965-11-16,jbrennan@hotmail.com,912 Darlene Bridge Apt. 696,Care Giver,"Wednesday, Monday"
V0017,Emily,Davis,2001-07-29,mike25@gmail.com,01620 Rogers Plaza Apt. 980,Care Giver,"Tuesday, Saturday, Monday"
V0018,Cynthia,Hall,1976-08-20,matthewpotter@gmail.com,82465 York Court Apt. 805,Food Distributor,"Saturday, Wednesday"
V0019,Craig,Meyers,1972-08-25,christopher45@gmail.com,4490 Watson Junctions Apt. 242,Medical Assistant,"Thursday, Monday, Friday"
V0020,Erika,Guzman,1976-03-29,waltersthomas@yahoo.com,348 Karen Islands,Event Organizer,"Wednesday, Saturday"
V0021,Ronald,Foster,1984-01-06,francoroger@gmail.com,077 Christopher Stravenue Suite 931,Food Distributor,"Sunday, Friday, Wednesday, Tuesday"
V0022,John,Stokes,1989-04-07,lrios@gmail.com,22350 Shah Road,Event Organizer,"Monday, Wednesday, Thursday, Tuesday, Sunday"
V0023,Aaron,Miller,1961-10-24,miranda93@vasquez.com,70192 Timothy Ramp Suite 369,Care Giver,"Monday, Tuesday, Sunday, Thursday, Saturday"
V0024,Erik,Jordan,1975-02-02,floresjeremy@gmail.com,8736 Monique Mountain Apt. 617,Food Distributor,"Sunday, Friday, Saturday"
V0025,Daniel,Townsend,1975-05-04,kevin30@turner.info,4683 Sylvia Creek,Tutor,"Wednesday, Monday"
V0026,Jonathan,Nelson,1974-08-26,ajackson@gmail.com,65750 David Islands Suite 060,Event Organizer,"Sunday, Thursday, Saturday, Wednesday, Friday"
V0027,Carmen,Young,1996-08-07,sanchezzachary@yahoo.com,76627 Hall Greens Apt. 007,Event Organizer,"Thursday, Monday, Friday, Tuesday, Saturday"
V0028,Richard,Robertson,1991-05-29,bakerzachary@campbell-thomas.com,504 Thomas Shoals,Food Distributor,"Thursday, Sunday, Wednesday, Saturday"
V0029,Eddie,Wilson,1975-04-18,howardbarbara@gmail.com,5629 Natalie Vista Apt. 196,Medical Assistant,"Tuesday, Friday, Thursday, Sunday, Saturday"
V0030,Dennis,Brady,1990-07-20,alyssa61@hotmail.com,2568 Ashley Greens,Medical Assistant,"Monday, Saturday, Tuesday, Thursday"
V0031,Dustin,Munoz,2006-02-15,twillis@williams-robinson.com,917 Holly Manors,Tutor,"Sunday, Friday"
V0032,Melissa,Clark,1980-03-06,macdonaldelizabeth@potter.com,386 Bryan Union Suite 844,Care Giver,"Monday, Thursday, Sunday, Wednesday"
V0033,Erin,Haley,1991-09-25,lindsay76@lewis.com,5075 Megan Forge,Tutor,"Tuesday, Thursday, Saturday, Monday"
V0034,Mark,Moreno,1966-10-23,rachelchandler@martin.org,864 Tiffany Forge,Medical Assistant,"Sunday, Wednesday, Friday, Saturday"
V0035,Wayne,Sanchez,1980-05-26,juarezchristopher@gmail.com,64943 Perez Key,Care Giver,"Monday, Sunday"
V0036,Jennifer,Holland,1998-03-18,andrewhite@pearson.net,5479 Lauren View,Event Organizer,"Sunday, Friday, Saturday"
V0037,Brandon,Larson,1993-11-01,thomasmcpherson@hotmail.com,767 Marsh Pine Apt. 252,Medical Assistant,"Wednesday, Thursday, Saturday, Monday"
V0038,Amanda,Cummings,1987-12-02,imckenzie@hotmail.com,1666 Campbell Corners,Tutor,"Wednesday, Friday, Tuesday, Sunday"
V0039,Ethan,Harris,1985-09-20,lancemorgan@williams.net,400 James Rapid,Food Distributor,"Monday, Saturday"
V0040,Ronald,Rosario,1974-02-02,mcintyremichael@hotmail.com,3449 Franklin Hollow,Medical Assistant,"Sunday, Monday, Thursday"
V0041,Lauren,Smith,1994-06-02,clarkronald@gmail.com,4133 Anderson Row Apt. 453,Food Distributor,"Wednesday, Thursday, Tuesday, Friday"
V0042,Joshua,Garcia,1990-05-02,sarah39@smith.com,434 Horn Union,Food Distributor,"Thursday, Saturday, Sunday"
V0043,Christine,Walker,1984-03-25,samantha60@hotmail.com,22568 Lindsey Club Suite 015,Event Organizer,"Sunday, Friday"
V0044,Cody,Schaefer,1997-12-23,kperkins@martinez.info,7826 Alyssa Meadows Apt. 954,Care Giver,"Monday, Friday, Wednesday, Thursday, Saturday"
V0045,Haley,Reed,1997-10-10,julieyoung@flowers.com,318 Chase Locks Suite 132,Food Distributor,"Thursday, Saturday, Sunday, Monday, Wednesday"
V0046,Jack,Goodwin,2003-03-29,phamilton@hotmail.com,8097 Abigail Run,Tutor,"Tuesday, Wednesday, Thursday, Sunday"
V0047,Henry,Miller,1990-03-04,matthew05@murray-lopez.com,51811 Howard Courts,Care Giver,"Monday, Friday, Sunday, Wednesday, Thursday"
V0048,Erica,Miller,1970-09-05,thompsonmary@yahoo.com,7467 Newton Shores Suite 839,Food Distributor,"Tuesday, Monday, Thursday"
V0049,Stuart,Walton,1987-02-03,torressteven@smith-boyd.biz,2914 Lopez Forks Suite 712,Tutor,"Saturday, Sunday"
V0050,Andrea,Jacobs,1963-05-12,catherinesandoval@gmail.com,3253 Lisa Forks Apt. 919,Event Organizer,"Thursday, Sunday, Saturday, Tuesday, Friday"
V0051,Hector,Dickson,1987-09-18,nbenjamin@hotmail.com,729 Natasha Club Suite 532,Tutor,"Wednesday, Sunday"
V0052,Lisa,Sanders,1971-06-21,vjohnson@mcgrath.net,15486 Escobar Pines,Event Organizer,"Sunday, Saturday, Friday"
V0053,Rachel,Tate,1963-10-14,robinsonjustin@gmail.com,555 Alexis Drives Suite 954,Care Giver,"Sunday, Wednesday, Monday"
V0054,Gregory,Weaver,1977-11-22,baileyashley@hotmail.com,119 Garcia Isle Suite 347,Tutor,"Wednesday, Sunday, Monday"
V0055,Kelly,Peterson,2001-01-02,christopher52@gmail.com,3948 Russell Islands Apt. 021,Care Giver,"Sunday, Wednesday, Tuesday, Friday, Saturday"
V0056,Travis,Palmer,1998-08-21,xmoreno@hotmail.com,943 John Walk Apt. 677,Care Giver,"Sunday, Thursday, Monday"
V0057,Bernard,Valencia,1984-10-18,mariagreen@hotmail.com,71682 Tonya Station Apt. 758,Tutor,"Sunday, Thursday, Wednesday"
V0058,Sandra,Hawkins,1975-12-20,maciasdeborah@perez-gross.net,9256 Williams Plains Suite 711,Tutor,"Wednesday, Thursday, Monday"
V0059,Krista,Holmes,1985-11-15,bharper@rivera.com,5361 Erik Junctions,Care Giver,"Sunday, Tuesday, Monday"
V0060,Pamela,Nguyen,1959-12-15,alyssa06@yahoo.com,7671 Matthew Village Suite 669,Care Giver,"Saturday, Thursday, Wednesday"
V0061,Erika,Mcbride,1966-10-07,guzmanheather@yahoo.com,4982 Rios Loop Suite 371,Tutor,"Tuesday, Thursday"
V0062,Mark,White,1987-11-23,foxheather@hotmail.com,3499 Caldwell Turnpike,Care Giver,"Friday, Tuesday"
V0063,Ricky,Clark,2006-10-31,troy93@hicks.com,5978 Joshua Mews Apt. 756,Event Organizer,"Sunday, Tuesday"
V0064,Emily,Carpenter,1984-07-21,ashlee43@martinez.biz,38850 Michael Harbor Suite 524,Event Organizer,"Sunday, Monday, Thursday"
V0065,Nicholas,Woods,1988-11-18,heatherparrish@gmail.com,798 Vaughn Meadow Apt. 859,Medical Assistant,"Saturday, Thursday, Wednesday"
V0066,Matthew,Johnson,1992-10-16,andreastokes@butler.com,476 Holly Inlet,Care Giver,"Sunday, Saturday, Friday"
V0067,Timothy,Knapp,1961-07-09,williamjones@hotmail.com,594 Angie Freeway,Event Organizer,"Saturday, Monday, Tuesday, Sunday"
V0068,Brandon,Phillips,1993-08-01,tanya23@brown-alexander.com,3048 Klein Club,Care Giver,"Friday, Tuesday, Monday, Wednesday, Saturday"
V0069,Matthew,Johnson,1977-06-15,leewatson@day.info,313 Megan Walk Apt. 862,Food Distributor,"Monday, Sunday, Saturday, Wednesday"
V0070,Andrew,Johnston,1975-12-04,hhamilton@yahoo.com,373 Ford Ford,Event Organizer,"Friday, Saturday"
V0071,Sean,Gomez,1970-06-02,brianosborne@collins.biz,424 Johnson Gateway Apt. 163,Medical Assistant,"Thursday, Wednesday, Sunday, Tuesday, Friday"
V0072,Jennifer,Gaines,2001-05-13,lindabartlett@herrera.info,379 Aguilar Tunnel,Food Distributor,"Monday, Friday, Sunday, Thursday"
V0073,Robert,Wyatt,1976-03-04,kchavez@obrien-campbell.info,412 Nguyen Rest Apt. 056,Food Distributor,"Sunday, Saturday"
V0074,Adam,Davis,1966-08-15,gardnerrandall@nelson-chandler.com,46863 Lowery Rest Apt. 806,Tutor,"Sunday, Wednesday"
V0075,Angela,Figueroa,1998-08-22,samanthahernandez@hotmail.com,80532 Robinson Islands,Food Distributor,"Monday, Thursday, Friday, Saturday"
V0076,Larry,Alvarado,1964-07-19,travisowen@hotmail.com,799 Nicole Locks,Care Giver,"Sunday, Saturday"
V0077,Katelyn,Edwards,1987-09-19,icastro@barrera-stewart.org,46626 Thomas Parkways,Medical Assistant,"Monday, Wednesday, Saturday, Tuesday, Sunday"
V0078,Donna,Armstrong,1997-01-27,jpena@terry.com,3838 David Prairie Apt. 264,Food Distributor,"Monday, Wednesday, Friday, Tuesday, Sunday"
V0079,Damon,Jones,1991-09-08,james00@yahoo.com,54890 Phillips Views Suite 385,Tutor,"Tuesday, Friday"
V0080,Alexander,Thompson,2004-07-27,mariareynolds@brady.info,51471 Bauer Club,Medical Assistant,"Sunday, Monday, Thursday, Friday, Tuesday"
V0081,Beth,Garcia,2005-12-16,david52@james.com,5421 James Roads Suite 367,Tutor,"Sunday, Monday, Saturday, Thursday, Friday"
V0082,Christopher,Burnett,1978-05-14,qknight@hotmail.com,6027 Michelle Lane,Food Distributor,"Monday, Sunday, Tuesday, Friday, Wednesday"
V0083,Kyle,Allen,2004-09-23,michaellowery@chase.org,2212 Andrea Islands Apt. 001,Event Organizer,"Tuesday, Saturday, Sunday, Wednesday, Monday"
V0084,Kimberly,Greer,2005-05-09,kenneth44@yahoo.com,815 Brittany Crest,Tutor,"Thursday, Monday, Tuesday, Wednesday"
V0085,Kelly,Sims,1990-10-15,morganjuan@perez.net,5240 Sheila Viaduct,Event Organizer,"Tuesday, Saturday, Friday, Sunday"
V0086,Maxwell,Johnson,1986-02-23,loriramirez@blackwell.com,15785 Brittany Alley Apt. 317,Medical Assistant,"Thursday, Wednesday, Saturday, Friday, Tuesday"
V0087,Maria,Smith,1999-08-09,castroscott@odom-stewart.com,3877 Casey Stravenue,Care Giver,"Friday, Wednesday, Thursday, Sunday, Monday"
V0088,Charles,Larson,1988-10-19,alexis80@yahoo.com,384 Bradley Via,Tutor,"Tuesday, Sunday"
V0089,Richard,Peters,1983-08-17,lucasthompson@gmail.com,84661 Blankenship Junction,Food Distributor,"Friday, Saturday, Thursday, Tuesday, Sunday"
V0090,Matthew,Barnes,1964-01-04,carmenduffy@burton.com,05111 David Lake Suite 962,Tutor,"Tuesday, Wednesday, Thursday, Sunday"
V0091,Kimberly,Clay,1984-04-29,qwashington@simmons-johnson.org,12783 Justin Row Apt. 874,Medical Assistant,"Monday, Wednesday, Saturday, Sunday"
V0092,Maria,Henderson,2006-07-10,robert13@yahoo.com,7142 Clark Pass,Medical Assistant,"Monday, Thursday, Wednesday, Sunday, Saturday"
V0093,James,Wilson,1979-03-03,hernandezlori@yahoo.com,1695 Grant Viaduct,Food Distributor,"Sunday, Saturday, Monday, Thursday, Wednesday"
V0094,Derek,Ford,1974-09-09,tmccann@yahoo.com,7488 Debbie Fort Suite 619,Medical Assistant,"Wednesday, Sunday"
V0095,Frank,Rios,2007-01-29,stewartbrian@hotmail.com,5640 Melvin Trace Suite 324,Medical Assistant,"Sunday, Friday, Saturday, Thursday, Tuesday"
V0096,Julie,Ibarra,1973-04-30,lyonsbrandon@hotmail.com,17202 Matthew Walk,Care Giver,"Saturday, Tuesday, Friday, Monday, Wednesday"
V0097,Cynthia,Banks,1985-12-11,richard38@howard.org,716 Olson Ridges Suite 578,Food Distributor,"Sunday, Friday"
V0098,Paul,Kelly,1977-09-11,nicole53@pittman-stafford.org,830 Gregory Brooks,Tutor,"Friday, Monday"
V0099,Stacey,Castaneda,1990-11-28,erusso@gmail.com,1857 Obrien Union Apt. 071,Event Organizer,"Saturday, Tuesday, Wednesday"
V0100,Philip,Aguilar,1963-03-17,martinbenjamin@yahoo.com,98269 Meyer Manor,Medical Assistant,"Monday, Tuesday, Saturday, Sunday"
V0101,Benjamin,Price,2002-10-07,dennispadilla@jones.com,57195 Michael Mountain,Food Distributor,"Monday, Thursday, Friday"
V0102,Kevin,Freeman,1970-01-05,figueroatroy@garcia-robinson.com,9472 Karen Path Apt. 472,Care Giver,"Wednesday, Tuesday"
V0103,David,Hernandez,2002-08-08,conleyheather@yahoo.com,0455 Padilla Orchard,Event Organizer,"Wednesday, Saturday, Monday, Friday, Tuesday"
V0104,Alexis,Martinez,2001-04-16,nicholassnyder@yahoo.com,6404 Watkins River Suite 076,Event Organizer,"Saturday, Friday"
V0105,Brenda,Williams,1970-10-17,rfrazier@hotmail.com,58316 Flores Highway Suite 158,Food Distributor,"Thursday, Friday"
V0106,Kyle,Powell,2002-07-30,scottdonna@burke.biz,1310 Jeremy Prairie,Food Distributor,"Friday, Sunday, Monday, Saturday"
V0107,Timothy,Ramsey,1973-08-13,nathanroberts@wilson-wright.com,8587 Watson Stravenue Suite 237,Food Distributor,"Monday, Friday, Thursday, Wednesday, Tuesday"
V0108,Gina,Smith,1987-05-05,tammy72@phillips.com,4490 Allison Mills Suite 910,Care Giver,"Friday, Saturday, Tuesday, Sunday, Wednesday"
V0109,John,Anderson,2002-11-12,michaelmurray@hotmail.com,3560 Kristin Shores Suite 005,Tutor,"Monday, Tuesday, Wednesday"
V0110,Rebecca,Burke,1993-02-21,munoznathan@lawrence.com,3388 Finley Skyway Suite 016,Medical Assistant,"Sunday, Monday, Wednesday, Tuesday, Saturday"
V0111,Isaac,Garza,1972-01-11,paulzuniga@gmail.com,960 Sally Branch Suite 503,Care Giver,"Saturday, Tuesday, Thursday"
V0112,Michael,Serrano,1997-04-11,nking@nguyen-jones.net,7221 Kelly Via,Tutor,"Sunday, Monday"
V0113,Jessica,Long,2001-02-27,stacy11@gallagher.org,33086 Emily Fall Apt. 858,Event Organizer,"Sunday, Tuesday, Thursday, Saturday"
V0114,Adrian,Horne,1982-10-05,deanmarie@patterson.com,741 Murphy Port,Tutor,"Wednesday, Saturday"
V0115,Richard,Morales,1998-08-29,heather39@yahoo.com,18158 Schmidt Tunnel Suite 025,Medical Assistant,"Sunday, Monday, Tuesday, Saturday, Wednesday"
V0116,Mary,Brown,1973-10-10,velazquezjennifer@yahoo.com,4436 Gerald Falls Suite 886,Care Giver,"Monday, Thursday"
V0117,Morgan,Nelson,1993-01-15,danielwatkins@yahoo.com,7332 Christopher Falls Suite 025,Tutor,"Thursday, Monday, Friday"
V0118,Stephen,Smith,1976-06-24,rogersmatthew@hotmail.com,4786 Teresa Plains,Medical Assistant,"Sunday, Wednesday"
V0119,Barbara,Douglas,1962-08-30,summersannette@yahoo.com,1496 Dylan Way Suite 813,Tutor,"Friday, Saturday"
V0120,Randy,Hill,1970-09-13,tammywalter@alexander.org,34913 Rodriguez Stream Apt. 832,Care Giver,"Saturday, Wednesday, Tuesday"
V0121,Mercedes,Patel,1970-09-17,jmurphy@gmail.com,347 Kimberly Ranch,Event Organizer,"Saturday, Monday, Friday, Wednesday, Tuesday"
V0122,Mary,Miller,1982-04-17,jamesmelton@schneider.com,479 Bruce Manors Suite 684,Event Organizer,"Monday, Friday, Saturday, Tuesday"
V0123,Donna,Farrell,1975-01-08,michelle68@gmail.com,67838 Larry Curve,Tutor,"Monday, Thursday, Sunday, Saturday"
V0124,Molly,Anderson,1984-01-22,jackiecummings@wright.net,049 Banks Field,Care Giver,"Sunday, Monday, Saturday, Friday, Thursday"
V0125,Angela,Gardner,1978-12-05,brian15@yahoo.com,17249 Haley Rest,Event Organizer,"Sunday, Wednesday, Thursday, Tuesday"
V0126,Michael,Ortiz,1981-01-24,josephvelazquez@yahoo.com,4971 Randy Ramp,Tutor,"Thursday, Monday, Saturday, Wednesday, Sunday"
V0127,Ricky,Munoz,1993-06-14,herrerashawn@sparks.com,44755 Stone Ridge Apt. 943,Tutor,"Saturday, Wednesday, Tuesday"
V0128,Jimmy,Miller,2003-01-03,ericmcdowell@garcia.org,547 Michelle Freeway,Tutor,"Wednesday, Thursday, Friday, Sunday, Tuesday"
V0129,Mathew,Shepherd,1969-07-18,brenda52@coffey.com,3522 Andrea Garden Suite 576,Food Distributor,"Sunday, Tuesday"
V0130,Rachel,Davis,2005-12-07,melinda96@weiss.com,4479 Estrada Inlet Suite 944,Tutor,"Thursday, Wednesday, Saturday, Friday, Monday"
V0131,Shannon,Jensen,1964-01-24,kevinperez@yahoo.com,2760 Keith Estate Suite 248,Care Giver,"Tuesday, Wednesday, Thursday, Friday"
V0132,John,Scott,1986-02-28,woodroger@todd.com,14981 Davis Mountain,Care Giver,"Wednesday, Saturday, Sunday"
V0133,Jerry,Garcia,1968-05-17,michaelallen@yahoo.com,57695 Yates Inlet,Care Giver,"Monday, Thursday, Wednesday"
V0134,Melissa,Higgins,2000-04-09,watkinsmicheal@rivera.biz,281 Nicole Street,Care Giver,"Sunday, Monday, Saturday"
V0135,Robert,Benson,1963-09-20,ucarrillo@yahoo.com,460 Emily Mall,Food Distributor,"Thursday, Sunday, Friday, Saturday, Monday"
V0136,Alyssa,Wells,1992-01-14,pburton@finley-brown.com,34502 Wagner Lights Apt. 049,Medical Assistant,"Tuesday, Saturday, Friday, Monday, Sunday"
V0137,Andrew,Torres,2000-11-11,qrobinson@murphy.com,58080 Andrews Radial Apt. 489,Food Distributor,"Tuesday, Thursday"
V0138,Christina,Wilson,1963-02-02,jon25@hotmail.com,573 Anna Junctions Suite 821,Care Giver,"Sunday, Friday, Saturday, Thursday"
V0139,Melvin,Cox,1992-10-27,qbaldwin@kim.net,724 Vincent Plains Apt. 884,Event Organizer,"Thursday, Saturday, Tuesday, Sunday"
V0140,Rachel,Myers,1979-11-21,katie20@gmail.com,48328 Marquez Loop,Tutor,"Monday, Friday, Sunday, Thursday"
V0141,Michael,Green,1976-07-21,carly85@jones.net,16851 Brandon Glen Apt. 426,Event Organizer,"Monday, Saturday, Sunday, Friday, Wednesday"
V0142,Savannah,Gonzales,1994-12-16,riveradesiree@yahoo.com,2691 Dudley Glen Suite 654,Tutor,"Wednesday, Thursday, Sunday"
V0143,Ernest,Weeks,1982-07-16,todd71@yahoo.com,22725 Jo Pine,Tutor,"Monday, Tuesday, Saturday, Wednesday"
V0144,James,Wells,1995-05-15,qking@hotmail.com,3390 Megan Keys Suite 670,Event Organizer,"Wednesday, Saturday"
V0145,Jennifer,Marshall,2005-11-20,cindy41@smith-jackson.biz,7522 Lisa Fort Apt. 548,Food Distributor,"Thursday, Saturday, Tuesday, Sunday, Wednesday"
V0146,Lynn,Harris,1986-08-12,jessicameyer@rice-ellis.org,6623 James Shore,Care Giver,"Sunday, Saturday"
V0147,Andrea,Murphy,1986-01-25,wrightbrenda@powers.com,130 Leah Spur,Event Organizer,"Saturday, Thursday, Tuesday"
V0148,Bradley,Martin,1991-01-28,michaelmartinez@wright.com,8643 White Harbors Suite 836,Care Giver,"Friday, Saturday, Tuesday, Wednesday"
V0149,Frederick,Miller,1969-04-27,traciesmith@hotmail.com,1637 Joshua Lane,Event Organizer,"Thursday, Sunday"
V0150,William,Martin,1971-01-27,cynthiarodriguez@harris.info,502 Ashley Unions,Care Giver,"Thursday, Wednesday, Saturday, Sunday"
V0151,Jill,Wade,1966-11-17,ochoaangela@murphy-johnson.com,350 Kimberly Ranch,Event Organizer,"Sunday, Monday"
V0152,Sierra,Beasley,1965-05-05,sreeves@sanchez.com,3070 Kimberly Square,Event Organizer,"Thursday, Saturday"
V0153,Erica,Thompson,1986-10-11,handerson@hotmail.com,044 Jeanette Park,Event Organizer,"Tuesday, Friday, Saturday, Thursday, Wednesday"
V0154,Isabel,Roy,1994-08-10,johnny02@ortega-mcdonald.com,737 Joan Branch,Event Organizer,"Sunday, Friday, Saturday, Tuesday"
V0155,Daniel,Meyer,1974-08-06,samuellucas@kelly.info,18866 Sanchez Groves Apt. 304,Tutor,"Friday, Monday, Wednesday, Tuesday, Saturday"
V0156,Lisa,Coleman,1973-03-06,diaztracey@shaw-alexander.com,07042 Daniels Circles Apt. 043,Event Organizer,"Monday, Thursday, Friday, Wednesday, Tuesday"
V0157,Maria,Myers,1979-11-03,yturner@hotmail.com,964 Daniel Village Apt. 614,Medical Assistant,"Tuesday, Wednesday, Friday, Sunday, Thursday"
V0158,Michael,Watson,1998-06-25,lawrence51@gmail.com,9923 Katherine Coves Apt. 874,Food Distributor,"Wednesday, Monday, Tuesday"
V0159,Vincent,Vargas,1981-07-10,djones@hotmail.com,5319 Stewart Manor Suite 309,Tutor,"Friday, Monday, Wednesday"
V0160,Jordan,Joseph,1968-08-12,vickiesmith@robinson.org,246 Jennifer Creek,Event Organizer,"Friday, Tuesday"
V0161,Walter,Stein,1964-11-08,wellskaren@norris-santana.com,237 Moore Islands Apt. 003,Medical Assistant,"Tuesday, Thursday"
V0162,Michael,King,1965-03-29,bryan51@yahoo.com,3019 Tanner Locks,Event Organizer,"Friday, Saturday"
V0163,Mary,Decker,1968-03-24,thomas15@gmail.com,57666 Cynthia Highway,Medical Assistant,"Monday, Saturday, Tuesday, Thursday, Wednesday"
V0164,April,Mora,2001-12-25,yfranklin@perry.net,6728 Jessica Springs,Tutor,"Tuesday, Friday, Saturday"
V0165,Nichole,Hunt,1971-06-12,cparker@yahoo.com,863 Patrick Manors,Event Organizer,"Wednesday, Saturday"
V0166,Caitlin,Johnson,1980-11-18,timothy64@montgomery.com,07359 Olson Pines,Tutor,"Monday, Wednesday, Friday, Tuesday"
V0167,Heather,Sanders,1973-12-14,kyledalton@hotmail.com,192 Smith Spurs Suite 386,Event Organizer,"Sunday, Friday, Saturday"
V0168,Rita,Greene,1961-02-15,spencer99@yahoo.com,976 Gray Parkway Suite 595,Tutor,"Friday, Tuesday, Monday, Sunday"
V0169,Shawn,Holland,1966-07-12,alison01@garcia-west.org,13521 Cruz Fall,Medical Assistant,"Saturday, Monday, Wednesday"
V0170,Daniel,Mendoza,1961-01-11,cruzgina@hotmail.com,6786 Brian Pike,Event Organizer,"Friday, Thursday, Wednesday, Sunday, Monday"
V0171,John,Tate,1981-11-22,princemichael@smith.net,597 Benitez Center,Event Organizer,"Monday, Wednesday"
V0172,Erin,Chavez,2006-03-30,rconway@robinson-tate.org,845 William Port Apt. 310,Medical Assistant,"Saturday, Sunday, Wednesday, Friday"
V0173,John,Allen,1973-02-05,qyoung@hotmail.com,12575 Chelsea Forks Apt. 578,Event Organizer,"Sunday, Tuesday"
V0174,Randall,Thomas,1981-10-25,xneal@gmail.com,34461 Watkins Avenue Apt. 767,Care Giver,"Tuesday, Friday, Saturday"
V0175,Michelle,Thompson,1976-06-12,xshannon@novak.com,272 Virginia Crescent,Tutor,"Sunday, Friday, Wednesday, Monday"
V0176,Kathleen,Wright,1982-12-11,juliaclark@gmail.com,7475 Richard View Apt. 846,Medical Assistant,"Sunday, Thursday, Friday, Wednesday, Tuesday"
V0177,Kelly,Davis,1992-11-14,emilykim@gmail.com,420 Rebecca Trace Apt. 239,Care Giver,"Friday, Wednesday, Tuesday"
V0178,Bobby,Lopez,1967-11-09,maryaguirre@hotmail.com,98860 Lane Square Suite 118,Medical Assistant,"Sunday, Wednesday, Thursday, Monday"
V0179,Sherri,Scott,1980-05-21,tmartin@gmail.com,480 Rachel Ports Apt. 843,Medical Assistant,"Thursday, Monday"
V0180,Stephanie,Oconnor,1993-11-15,rebeccarobertson@rose.org,88941 Kevin Fords,Tutor,"Sunday, Monday"
V0181,Dylan,Patterson,1999-09-02,tina50@house-hansen.net,63901 Pennington Prairie Apt. 162,Medical Assistant,"Saturday, Thursday, Sunday, Monday"
V0182,Carl,Smith,1974-01-05,william75@cooper-carrillo.com,312 Sanders Rapid,Tutor,"Sunday, Wednesday, Tuesday, Saturday, Friday"
V0183,Matthew,Rollins,1961-08-21,hernandezamanda@stone.org,49553 Christopher Ridges Suite 562,Event Organizer,"Monday, Wednesday, Friday"
V0184,Juan,Calderon,1975-08-30,william26@english.com,5672 Holmes Overpass,Food Distributor,"Wednesday, Tuesday, Thursday, Monday"
V0185,John,Santiago,1974-07-28,donna72@gmail.com,5383 Wright Streets,Event Organizer,"Thursday, Saturday, Tuesday"
V0186,Robert,Campbell,1991-05-12,paul76@yahoo.com,6037 Edwards Ways,Event Organizer,"Saturday, Friday, Thursday, Monday"
V0187,Jason,Davis,1979-01-25,pdodson@yahoo.com,14175 Collier Crossroad Apt. 306,Tutor,"Thursday, Sunday, Friday, Wednesday"
V0188,Elizabeth,Brown,1977-02-15,warneramanda@kelly.com,34486 Laurie Dale Apt. 386,Care Giver,"Monday, Friday, Saturday, Thursday, Sunday"
V0189,Joseph,Kerr,1975-02-27,bhughes@peterson.net,28118 Rhodes Station,Event Organizer,"Wednesday, Friday, Monday, Thursday, Sunday"
V0190,Cheyenne,Sullivan,1994-08-26,christopher95@yahoo.com,284 Jones Port Apt. 267,Care Giver,"Tuesday, Thursday, Saturday, Sunday"
V0191,Natalie,Reid,2000-07-14,vreed@gmail.com,1685 Boyer Roads,Medical Assistant,"Wednesday, Saturday"
V0192,Patrick,Mcfarland,1970-10-25,erikarobinson@hotmail.com,346 Crosby Shoal,Tutor,"Wednesday, Monday, Friday, Thursday"
V0193,Anne,Garner,2000-07-03,lindseyanna@melendez.com,0845 Thomas Fort Apt. 583,Care Giver,"Wednesday, Friday, Tuesday, Monday, Sunday"
V0194,Marie,Obrien,1978-08-07,perrybrandon@gmail.com,572 Hunter Gardens,Care Giver,"Wednesday, Thursday"
V0195,Rodney,Reynolds,1979-09-04,marymaldonado@schmidt-gutierrez.com,9503 Sandra Avenue,Event Organizer,"Wednesday, Friday, Sunday, Thursday"
V0196,Luke,Bright,1962-08-15,huntanthony@hotmail.com,160 Smith Unions,Food Distributor,"Thursday, Sunday, Friday, Monday, Tuesday"
V0197,Ann,Gomez,1996-10-09,millerkimberly@tucker.com,751 White Rest,Care Giver,"Saturday, Friday, Monday"
V0198,Erik,Rubio,1998-07-05,stephaniechase@anderson-perez.net,264 Mueller Alley,Medical Assistant,"Wednesday, Monday, Tuesday, Saturday"
V0199,Joshua,Clayton,1961-02-14,ronald80@hotmail.com,7525 Jacob Fort,Tutor,"Thursday, Saturday, Monday, Tuesday, Friday"
V0200,Roberto,English,2002-03-29,ffranklin@hotmail.com,73816 Dale Flats Suite 988,Medical Assistant,"Tuesday, Monday, Saturday"
V0201,Debra,Norris,1976-09-17,sarahweiss@jones.com,322 Ayers Mountains,Care Giver,"Thursday, Saturday, Friday, Wednesday"
V0202,Jeffrey,Jordan,2006-05-06,mccoyjoanna@hotmail.com,99864 Ramos Mews Suite 245,Event Organizer,"Friday, Thursday, Tuesday, Saturday, Monday"
V0203,Debra,Brooks,1985-03-05,fwilkinson@pineda.com,88228 Rhonda Divide,Food Distributor,"Thursday, Friday"
V0204,Leslie,Murphy,1988-11-20,parksmatthew@miller.info,1114 Hannah Walks,Food Distributor,"Friday, Thursday, Tuesday, Monday"
V0205,John,Crane,2006-02-01,susan95@williams-bridges.com,4061 Dunn Trafficway,Tutor,"Wednesday, Sunday, Friday, Thursday, Monday"
V0206,Daniel,Gregory,1968-05-27,xhall@winters.com,5498 Steven Plaza Suite 177,Food Distributor,"Saturday, Monday, Tuesday, Wednesday"
V0207,Patrick,Mclean,1998-10-27,aprilramos@young.net,9910 Carla Stravenue Apt. 956,Food Distributor,"Tuesday, Saturday, Monday, Wednesday"
V0208,Caleb,Ruiz,1965-10-20,cassandrawolfe@yahoo.com,74912 Aaron Pass,Care Giver,"Monday, Sunday"
V0209,Heather,Blair,1977-06-16,karencoleman@diaz.com,10198 Logan Village Apt. 532,Event Organizer,"Monday, Tuesday, Friday"
V0210,Samantha,Castillo,2003-08-20,peter24@miller-kim.org,907 Kayla Row Apt. 435,Food Distributor,"Tuesday, Sunday, Friday, Thursday"
V0211,Renee,Adkins,1998-02-03,snydersteven@hotmail.com,886 Daniel Canyon Apt. 541,Food Distributor,"Thursday, Monday, Friday, Tuesday"
V0212,Harold,Mckee,1995-01-04,taylorkayla@yahoo.com,4406 Michael Fork,Care Giver,"Friday, Saturday, Sunday"
V0213,Elizabeth,Brennan,1988-02-24,michelle48@randolph-schmidt.org,41851 Smith Port,Food Distributor,"Thursday, Friday, Tuesday, Wednesday, Saturday"
V0214,Jennifer,Warren,1999-10-11,campbellkyle@hotmail.com,973 Nelson Inlet Apt. 930,Event Organizer,"Wednesday, Monday, Friday, Saturday, Sunday"
V0215,Nicholas,Williams,1988-04-13,websterjessica@gmail.com,36696 Catherine Village Apt. 070,Care Giver,"Saturday, Wednesday, Sunday"
V0216,Dana,Brown,1978-07-24,kenneth05@gmail.com,84663 Ewing Islands,Care Giver,"Sunday, Thursday, Wednesday, Saturday"
V0217,Connie,Berry,1960-03-11,adalton@soto.com,35420 Arthur Junctions,Medical Assistant,"Friday, Saturday"
V0218,David,Patterson,1994-09-15,nroberts@gmail.com,677 Powell Creek Apt. 381,Medical Assistant,"Sunday, Wednesday, Monday, Tuesday, Friday"
V0219,Michael,Roman,2004-07-25,garyjohnson@gmail.com,501 Winters Fort,Care Giver,"Saturday, Monday, Tuesday"
V0220,Jesse,Hernandez,1995-09-25,georgefrederick@rosario.net,9693 Christina Bypass,Event Organizer,"Monday, Thursday, Tuesday, Wednesday, Sunday"
V0221,Terry,Carter,1989-11-30,littlejoshua@johnson.com,2608 Garcia Flat Apt. 004,Tutor,"Thursday, Sunday, Tuesday, Saturday"
V0222,Holly,Kelly,1978-12-14,jesseking@yahoo.com,841 Brian Village Apt. 025,Food Distributor,"Friday, Saturday, Thursday"
V0223,Christopher,Pena,1959-08-25,kimberly88@rollins.org,562 Martin Junction Apt. 401,Event Organizer,"Wednesday, Friday, Saturday, Sunday"
V0224,Tonya,Martin,1970-08-20,kayla13@lane.com,780 Jared Rapids Apt. 573,Care Giver,"Saturday, Wednesday, Monday, Tuesday"
V0225,Brenda,Dunn,1964-08-18,pamelaballard@yahoo.com,9845 Philip Forest,Event Organizer,"Friday, Saturday"
V0226,Anthony,Smith,1998-06-23,iscott@king-higgins.org,927 Adams Neck,Care Giver,"Sunday, Wednesday, Monday, Thursday"
V0227,James,Newman,2005-02-19,rthomas@reyes.info,744 Dustin Track,Care Giver,"Friday, Thursday"
V0228,Ashley,Moore,1974-10-23,teresamoore@smith.com,387 Jessica Lock Apt. 463,Medical Assistant,"Wednesday, Tuesday"
V0229,Edward,Ward,1966-06-01,mfoster@smith.com,484 Crawford Trace Apt. 999,Medical Assistant,"Thursday, Saturday"
V0230,Karen,Farmer,1966-01-18,albertcobb@gmail.com,19070 Parker Creek,Medical Assistant,"Tuesday, Monday, Friday"
V0231,James,Freeman,2004-09-13,joseph98@hill.org,482 Andrea Mission,Care Giver,"Thursday, Wednesday"
V0232,Leah,Long,1966-10-14,andrewthomas@greene.com,707 Friedman Rue Apt. 377,Care Giver,"Wednesday, Saturday, Sunday"
V0233,Mitchell,Johnson,2006-10-07,laura09@miller.com,326 Smith Ramp,Event Organizer,"Monday, Friday, Saturday, Thursday"
V0234,Shannon,Gilmore,1984-05-19,davismelissa@gould.com,1165 Elizabeth Row,Food Distributor,"Friday, Wednesday"
V0235,Laurie,Obrien,2006-04-10,edward69@castillo-beard.com,838 Walter Mall Apt. 472,Event Organizer,"Saturday, Sunday, Friday"
V0236,Edward,Price,1972-11-15,tinagreene@yahoo.com,63474 Rogers Green Apt. 271,Tutor,"Wednesday, Sunday, Tuesday"
V0237,Samuel,Tyler,1974-04-14,wyork@hotmail.com,7204 Wright Plaza Apt. 194,Food Distributor,"Thursday, Sunday"
V0238,Wendy,Smith,1977-05-30,dthomas@hotmail.com,465 Bell Court,Tutor,"Sunday, Wednesday, Saturday"
V0239,Nichole,Jacobs,1981-04-06,dennis27@gmail.com,34865 Brittany Bypass Suite 307,Tutor,"Wednesday, Monday, Friday"
V0240,Jeanne,Hendricks,1964-12-27,carla45@gmail.com,09856 Jones Burgs Suite 675,Food Distributor,"Saturday, Monday"
V0241,Alan,Cain,1961-01-02,hunterchristopher@knapp.com,130 Bass Divide,Food Distributor,"Tuesday, Sunday, Friday, Saturday, Wednesday"
V0242,Annette,Wallace,1996-07-22,ihuffman@hotmail.com,879 Stephens Knoll Apt. 617,Tutor,"Saturday, Sunday"
V0243,Christine,Carter,1996-09-09,dfox@hotmail.com,73569 Combs Summit,Food Distributor,"Friday, Thursday, Saturday, Monday, Wednesday"
V0244,Megan,Morales,1972-10-29,bennettchristopher@brown.com,16367 Guerrero River,Food Distributor,"Thursday, Tuesday"
V0245,Shannon,Hamilton,1961-09-22,stevenperez@sanchez.com,789 Elaine Rapid Apt. 082,Tutor,"Saturday, Thursday"
V0246,Jennifer,Glover,1973-08-27,lmcdonald@hotmail.com,9046 Jessica Plains,Care Giver,"Saturday, Thursday, Monday, Tuesday"
V0247,William,Esparza,1966-05-09,romeromichele@gmail.com,9576 Joseph Inlet Apt. 578,Care Giver,"Monday, Sunday, Saturday"
V0248,Charles,Barker,1968-08-01,suzanne48@gmail.com,918 Ashley Hollow Suite 561,Medical Assistant,"Thursday, Friday"
V0249,John,Blair,2006-07-12,iglass@gilbert.org,347 Crystal Terrace,Event Organizer,"Sunday, Wednesday"
V0250,Joseph,Howe,1998-08-13,mary61@gutierrez.biz,1020 Gabriel Light,Care Giver,"Friday, Thursday, Sunday, Tuesday, Wednesday"
V0251,Samantha,Vasquez,1980-04-18,littlenichole@yahoo.com,9216 Brown Ridges,Event Organizer,"Monday, Friday, Wednesday, Sunday, Saturday"
V0252,Tammy,Sampson,2000-11-28,heathertorres@gmail.com,3010 Lewis Brook Suite 566,Medical Assistant,"Tuesday, Wednesday, Monday, Sunday, Saturday"
V0253,Jason,Logan,1975-04-11,thompsonjason@rhodes-richardson.org,075 Susan Via,Care Giver,"Thursday, Saturday, Wednesday, Friday, Monday"
V0254,Scott,Davis,1987-07-03,bellamber@gmail.com,165 Stanley Terrace Suite 801,Tutor,"Wednesday, Sunday, Saturday"
V0255,Megan,Morgan,1988-02-16,pammartinez@gmail.com,01410 Tracey Prairie Apt. 689,Event Organizer,"Wednesday, Thursday, Tuesday, Sunday"
V0256,Edward,Mcmillan,1973-08-18,hallamanda@george.com,833 Matthew Pine Suite 405,Event Organizer,"Wednesday, Thursday, Friday"
V0257,Stephanie,Clark,1977-04-24,gibsonrebecca@hotmail.com,53847 Vanessa Row Suite 575,Care Giver,"Friday, Tuesday, Wednesday, Saturday"
V0258,Margaret,Hicks,1993-12-15,erica73@yahoo.com,9409 Ann Views,Medical Assistant,"Wednesday, Saturday"
V0259,Danielle,Holloway,1990-09-24,jason88@hotmail.com,832 Campbell Views,Event Organizer,"Monday, Sunday, Wednesday, Thursday, Saturday"
V0260,Lisa,Johnson,2000-09-18,brownbrent@manning-aguilar.info,99867 Christina Pine Apt. 761,Food Distributor,"Thursday, Wednesday, Sunday, Saturday"
V0261,Rachael,Hogan,1970-09-05,robert66@hotmail.com,0115 Gibson Point Apt. 356,Care Giver,"Friday, Wednesday, Saturday, Monday, Sunday"
V0262,Brittney,Drake,1991-10-11,kevinshort@campbell-fuller.com,83294 Proctor Lights Suite 879,Care Giver,"Monday, Wednesday, Thursday, Friday, Sunday"
V0263,Robin,Daugherty,1965-12-21,kevin72@yahoo.com,364 Harris Radial,Event Organizer,"Friday, Wednesday"
V0264,David,Curtis,2006-11-22,katherineweber@jones.com,868 Hamilton Fall,Tutor,"Tuesday, Sunday, Monday"
V0265,Daniel,Hodge,1965-12-12,hamptontimothy@stevens.com,8352 Reid Pine,Event Organizer,"Sunday, Wednesday, Monday, Friday, Tuesday"
V0266,Hector,Campbell,1961-11-19,esimpson@ortega-hunter.com,1296 Wright Ways Suite 431,Tutor,"Thursday, Sunday, Monday, Tuesday"
V0267,Daniel,Gardner,1991-10-10,samantha43@yahoo.com,4158 Burton Manor,Event Organizer,"Sunday, Wednesday, Saturday, Thursday"
V0268,Matthew,Edwards,1964-07-29,parrishadam@hotmail.com,1848 James Field,Food Distributor,"Saturday, Tuesday"
V0269,Adam,Torres,2003-10-09,susan82@johnson.com,9350 Adams River,Event Organizer,"Tuesday, Friday, Wednesday"
V0270,Michael,Mayer,1962-07-31,mckinneyjonathon@yahoo.com,503 Karen Street Apt. 402,Medical Assistant,"Thursday, Tuesday, Saturday, Sunday"
V0271,Ruth,Manning,1985-08-04,dennislin@gmail.com,418 Christopher Orchard,Tutor,"Tuesday, Wednesday, Thursday, Friday"
V0272,John,Shaw,1983-07-15,janderson@abbott-hopkins.com,48846 Collins Estates,Tutor,"Saturday, Thursday, Monday"
V0273,Lisa,Wilkinson,1995-12-31,trobinson@yahoo.com,71714 Morgan Burgs Suite 205,Tutor,"Wednesday, Thursday"
V0274,Katherine,Anderson,1996-08-02,elizabethstanton@hotmail.com,1066 Destiny Common Apt. 501,Food Distributor,"Tuesday, Thursday, Friday, Sunday"
V0275,Christine,Davis,1984-12-17,reynoldsbrittany@anderson-parrish.org,284 Phillips Corners Suite 042,Event Organizer,"Friday, Sunday, Tuesday, Monday"
V0276,Ashley,Martin,1969-12-07,michael85@hotmail.com,42081 John Cliff,Event Organizer,"Sunday, Wednesday, Thursday"
V0277,George,Blake,1965-06-28,billymartinez@hotmail.com,4053 Sara Landing,Food Distributor,"Monday, Sunday, Tuesday, Thursday"
V0278,Donald,Baker,1987-05-10,luis38@gmail.com,7696 Silva Ridges,Medical Assistant,"Friday, Thursday"
V0279,Jamie,Hernandez,1993-07-18,emartinez@hotmail.com,32834 Gomez Pines Suite 617,Food Distributor,"Tuesday, Sunday, Monday"
V0280,Ronald,Campbell,1982-10-18,aharrison@smith.com,123 Anthony Circle,Food Distributor,"Sunday, Friday, Saturday"
V0281,Emily,Nichols,2002-12-22,simmonsjenny@cross-atkinson.com,4613 Murillo Land Apt. 890,Event Organizer,"Friday, Monday"
V0282,Linda,Le,1969-02-01,jessicaturner@yahoo.com,353 Wagner Field,Medical Assistant,"Thursday, Saturday"
V0283,Francisco,Hodge,1966-07-25,kempjody@yahoo.com,3411 Snyder Passage,Tutor,"Friday, Wednesday, Tuesday, Saturday, Monday"
V0284,Rachel,Mitchell,1994-06-02,brianholland@jackson-hunt.net,8704 Amy Pike Apt. 169,Tutor,"Monday, Friday, Tuesday, Sunday, Thursday"
V0285,Kristin,Johnson,1974-04-23,jameswillis@martinez.com,84384 Mason Brooks Apt. 781,Tutor,"Thursday, Tuesday"
V0286,Christopher,Villarreal,1973-08-19,mortoncharles@hotmail.com,627 Darryl Lights,Tutor,"Monday, Thursday"
V0287,Linda,Smith,1970-02-01,jonathanclark@oconnor-davis.com,122 Pamela Lodge,Event Organizer,"Tuesday, Thursday"
V0288,Elizabeth,Cunningham,1972-07-16,clarkanthony@gmail.com,88053 Misty Shores,Event Organizer,"Sunday, Wednesday, Thursday"
V0289,Cathy,Bell,1978-08-09,wardnina@brooks-todd.org,6948 Sandra Station,Medical Assistant,"Wednesday, Tuesday, Friday, Saturday"
V0290,Randall,Hurst,1969-12-11,apace@walsh.com,664 Julie Port Apt. 119,Food Distributor,"Thursday, Wednesday, Friday"
V0291,Lisa,Scott,1989-06-26,dbuckley@gmail.com,853 Angela Turnpike,Food Distributor,"Wednesday, Friday, Monday, Thursday, Sunday"
V0292,Julia,Everett,1961-05-26,evansvincent@clark-anderson.org,39568 Kayla Lock,Food Distributor,"Wednesday, Sunday, Tuesday"
V0293,Vanessa,Fuentes,1972-06-25,lucasstrickland@yahoo.com,481 Moody Curve,Event Organizer,"Wednesday, Friday"
V0294,Michele,Lee,1991-01-09,dunlapchristine@gmail.com,7600 Victoria Bridge Apt. 916,Event Organizer,"Wednesday, Friday, Tuesday, Thursday, Monday"
V0295,Alan,Smith,1974-02-09,garymorgan@gmail.com,82084 Silva Villages Suite 141,Food Distributor,"Wednesday, Sunday, Friday, Saturday"
V0296,Angela,Garcia,1976-12-28,melissavasquez@hotmail.com,90458 Jeffrey Forks Suite 624,Food Distributor,"Thursday, Sunday, Saturday, Wednesday"
V0297,Aaron,Fernandez,1967-09-04,clarencelee@yahoo.com,19897 Douglas Ridge,Medical Assistant,"Wednesday, Monday, Tuesday, Saturday"
V0298,Michelle,Jones,1975-02-17,melanie76@gmail.com,1766 Adrienne Land,Event Organizer,"Wednesday, Sunday, Saturday"
V0299,Jody,Gutierrez,1997-11-02,dharper@yahoo.com,8961 Christian Union,Event Organizer,"Monday, Friday, Tuesday, Wednesday, Thursday"
V0300,Jason,Duran,1969-12-05,househarold@hodges-riley.info,7229 Johnston Drive,Food Distributor,"Friday, Sunday, Monday, Thursday, Tuesday"
V0301,Robert,Peters,1996-07-01,navarrojohn@hawkins-merritt.com,5787 Sarah Burg Suite 851,Tutor,"Thursday, Friday"
V0302,Michael,Shannon,1981-12-21,ujohnson@yahoo.com,5491 Brandy Port Apt. 588,Tutor,"Tuesday, Saturday"
V0303,Mark,Valenzuela,2002-09-21,mark47@hotmail.com,734 Smith Avenue Apt. 399,Food Distributor,"Sunday, Monday"
V0304,John,Burch,1969-06-07,popeglenn@hotmail.com,912 Benjamin Mountain,Tutor,"Sunday, Friday, Tuesday, Monday, Wednesday"
V0305,Gabriel,Wilkerson,1981-01-01,tannerking@yahoo.com,64586 Mark Rapids Suite 842,Event Organizer,"Thursday, Saturday, Wednesday, Monday"
V0306,Brenda,Fernandez,1985-01-31,ywebb@gmail.com,57341 Anderson Isle Suite 796,Tutor,"Wednesday, Friday, Tuesday, Monday, Saturday"
V0307,Darlene,Schultz,2005-08-27,sierra58@kim.info,12761 Adam Radial Apt. 555,Care Giver,"Friday, Sunday, Monday, Saturday, Tuesday"
V0308,Amy,Hunt,2005-10-09,larry36@yahoo.com,94434 Potter Terrace Suite 558,Tutor,"Friday, Monday, Wednesday, Saturday"
V0309,David,Little,1997-01-14,julieperry@roberts.com,54443 Amy Causeway,Event Organizer,"Friday, Monday, Tuesday, Wednesday, Sunday"
V0310,Caitlin,Hensley,1983-06-15,dwhite@horton.info,069 Johnson Fall,Event Organizer,"Wednesday, Monday, Tuesday, Saturday, Friday"
V0311,Christine,Carney,1987-10-23,sarahsmith@ramirez.net,692 Bell Meadows,Event Organizer,"Tuesday, Sunday, Thursday, Wednesday"
V0312,Elizabeth,Chavez,1960-03-06,kiara95@yahoo.com,707 Solomon Fall Suite 668,Event Organizer,"Monday, Thursday, Saturday, Tuesday"
V0313,Brian,Mills,1982-01-05,lewisbarbara@miller-ramirez.biz,1223 Brittany Road,Tutor,"Tuesday, Thursday"
V0314,Jorge,Melendez,1971-04-28,william35@gmail.com,522 Christopher Estates,Medical Assistant,"Thursday, Tuesday, Saturday"
V0315,Heather,Miller,1970-07-20,melissa40@bennett.com,759 William Falls Suite 298,Medical Assistant,"Tuesday, Saturday"
V0316,Scott,Maldonado,1967-03-25,gonzalestiffany@gibson.com,56490 Julia Mews Apt. 077,Care Giver,"Saturday, Wednesday"
V0317,Russell,Harris,2005-12-26,joseph98@gmail.com,8186 Anderson Union Apt. 654,Tutor,"Wednesday, Tuesday"
V0318,James,Floyd,1995-09-05,isanchez@jones.com,12657 Robinson Pines Apt. 088,Tutor,"Sunday, Wednesday, Monday"
V0319,Daniel,Rodriguez,1965-09-13,walshgeorge@yahoo.com,5922 Kristine Junction Apt. 178,Event Organizer,"Wednesday, Monday"
V0320,Sandra,Frazier,1981-11-22,jasmine39@hotmail.com,613 Hall Pine Suite 860,Medical Assistant,"Sunday, Wednesday, Friday, Tuesday, Saturday"
V0321,Aimee,Clark,2001-10-12,nalvarez@hoover.com,3288 Casey Creek Suite 633,Tutor,"Thursday, Tuesday, Saturday, Friday, Sunday"
V0322,Steven,Newton,1987-08-03,kcrane@yahoo.com,49132 Mackenzie Groves,Medical Assistant,"Monday, Thursday, Friday, Saturday"
V0323,Lisa,Evans,1998-12-07,tsmith@kemp-may.com,390 Young Lights,Medical Assistant,"Sunday, Friday, Tuesday, Monday"
V0324,Michelle,Tate,1968-01-28,teresashaw@fowler-andrade.com,47475 Amanda Manor,Medical Assistant,"Friday, Tuesday, Monday, Wednesday, Thursday"
V0325,Gina,Benson,2003-06-27,radams@gmail.com,68743 Deborah Viaduct Suite 054,Event Organizer,"Monday, Sunday, Wednesday, Saturday, Friday"
V0326,Steven,Krueger,1994-08-21,andersonriley@yahoo.com,56128 Brandon Village,Medical Assistant,"Monday, Wednesday, Friday"
V0327,Angelica,Cortez,2001-11-04,hbradshaw@hotmail.com,44437 Barron Tunnel,Event Organizer,"Friday, Sunday, Tuesday, Thursday"
V0328,Marcus,Torres,2000-01-15,davisbecky@jones.net,92058 Landry Manors,Event Organizer,"Wednesday, Monday, Thursday, Sunday, Tuesday"
V0329,Christina,Macias,1968-07-26,christina98@moreno.org,1109 Torres Station,Event Organizer,"Tuesday, Saturday, Thursday, Wednesday"
V0330,Gerald,Davis,1980-05-01,antonio99@pacheco-jackson.com,5906 Kimberly Center,Event Organizer,"Friday, Sunday"
V0331,Jonathan,James,1985-10-11,charlessanders@fisher.com,389 Debra Mills,Care Giver,"Thursday, Tuesday, Saturday, Monday"
V0332,Gregg,Collins,1985-04-06,jessicavazquez@hotmail.com,008 Taylor Drive Suite 770,Food Distributor,"Thursday, Wednesday, Saturday"
V0333,Larry,Castro,1995-01-19,christinaberger@garcia.com,022 Lara Hills,Medical Assistant,"Monday, Sunday, Friday, Thursday"
V0334,Sharon,Riddle,2006-05-26,trankevin@roberts.com,12604 Perry Landing Suite 216,Event Organizer,"Friday, Wednesday, Saturday"
V0335,Rebecca,Gutierrez,1959-11-21,brendariley@gmail.com,47780 Sheri Point,Tutor,"Thursday, Wednesday"
V0336,April,Mcguire,1988-10-02,wesley42@hotmail.com,397 Justin View,Care Giver,"Sunday, Saturday, Wednesday"
V0337,Blake,Lee,1988-08-07,qanderson@rocha-stevenson.com,155 Bobby View Suite 261,Tutor,"Saturday, Sunday"
V0338,Dawn,Hughes,2000-04-07,icarpenter@yahoo.com,26509 Jonathan Key,Food Distributor,"Sunday, Monday, Wednesday, Thursday, Saturday"
V0339,Traci,Anderson,1969-09-11,jeffrey91@yahoo.com,4871 Kathleen Ridge,Event Organizer,"Tuesday, Friday, Thursday, Wednesday"
V0340,Lori,Huang,1972-01-21,fpatton@perez.info,19430 Karen River,Medical Assistant,"Wednesday, Tuesday, Friday, Monday"
V0341,Cory,Thomas,1969-08-18,dperry@gregory.info,94297 Maynard Knoll Apt. 325,Tutor,"Friday, Sunday"
V0342,Rhonda,Grant,1980-10-28,michaelhogan@mitchell.com,1184 Olivia Locks,Food Distributor,"Sunday, Friday, Wednesday"
V0343,Jennifer,Bradford,1994-07-23,gjackson@young-paul.com,681 Bethany Ridge,Tutor,"Sunday, Monday, Saturday, Tuesday"
V0344,Christopher,Reynolds,2005-06-02,jamesbass@hotmail.com,75117 Hernandez Meadows Apt. 481,Care Giver,"Sunday, Thursday, Monday, Saturday, Wednesday"
V0345,James,Anderson,2004-08-29,alisha94@warner.biz,00313 David Way Suite 241,Tutor,"Friday, Tuesday, Saturday"
V0346,Kyle,Hamilton,1971-04-29,samanthamerritt@powell-smith.com,91508 Clark Corner Suite 194,Care Giver,"Tuesday, Wednesday, Thursday, Saturday, Sunday"
V0347,Kevin,Cherry,1995-11-03,kennethadams@lopez.biz,81068 Sue Shoals Apt. 056,Tutor,"Monday, Wednesday"
V0348,Brittney,Williams,1960-11-15,ypark@santiago-kelley.org,0310 Wanda Ridges Suite 823,Event Organizer,"Saturday, Sunday, Wednesday"
V0349,Julie,Edwards,1978-01-06,qsalazar@andersen.net,3863 Cassie Pike,Medical Assistant,"Tuesday, Monday, Wednesday, Saturday"
V0350,Terri,Crawford,2005-04-17,james49@hotmail.com,41755 Singh Course Suite 869,Event Organizer,"Sunday, Friday, Monday, Wednesday"
V0351,Janet,Roy,2005-03-14,likatrina@shelton.com,66541 Torres Ridges,Tutor,"Friday, Wednesday, Tuesday, Saturday, Sunday"
V0352,Katie,Ramirez,1970-12-04,keithcasey@scott-mccarthy.com,66603 Madison Dale,Care Giver,"Friday, Wednesday, Monday"
V0353,Scott,Reynolds,1974-05-27,carterbrett@jones-walker.org,992 Williams Villages,Care Giver,"Monday, Tuesday"
V0354,Kayla,Phillips,1994-05-18,tgarcia@lewis.com,343 Sean Neck Apt. 493,Medical Assistant,"Monday, Thursday, Friday, Sunday"
V0355,Pamela,Beck,1986-10-15,christopheroneal@yates.com,3549 Christina Overpass,Care Giver,"Thursday, Wednesday"
V0356,Katherine,Nguyen,1990-02-12,miguel79@morales.com,7494 Michael Views,Tutor,"Friday, Tuesday"
V0357,George,Jackson,1994-11-24,christopherjackson@hotmail.com,85435 Kristin Parkway,Care Giver,"Sunday, Wednesday"
V0358,Eric,Jackson,1962-05-17,doyledorothy@yahoo.com,76943 David Courts Suite 780,Care Giver,"Sunday, Wednesday"
V0359,Greg,Williams,1995-12-16,brenda40@hotmail.com,464 Frederick Fields Suite 613,Care Giver,"Tuesday, Monday, Friday, Thursday"
V0360,Ruth,Smith,1966-01-26,lmurphy@hull.com,36544 Riley Mission Suite 607,Food Distributor,"Thursday, Tuesday"
V0361,Nicole,Mendoza,1992-12-27,robin84@schaefer.com,17732 Matthew Ramp,Medical Assistant,"Saturday, Tuesday"
V0362,Thomas,Reed,1972-03-01,dorothycarroll@hotmail.com,348 Colleen Ports Apt. 267,Tutor,"Wednesday, Sunday, Saturday, Tuesday, Monday"
V0363,John,Brown,1981-02-23,wcarney@gmail.com,611 Davis Mountain,Event Organizer,"Thursday, Monday, Sunday"
V0364,Megan,Hubbard,1996-07-16,garcialisa@stevens-carrillo.org,59305 Scott Passage Apt. 041,Care Giver,"Thursday, Wednesday, Saturday, Monday, Tuesday"
V0365,Brandy,Gonzalez,1998-01-02,iwilliams@duncan-haney.biz,98384 Katherine Station,Food Distributor,"Wednesday, Saturday, Tuesday, Monday, Sunday"
V0366,Brandi,Walton,1960-08-08,dcox@walker.net,5103 Johnson Mountains,Tutor,"Saturday, Wednesday, Tuesday"
V0367,Craig,Wilson,1997-01-12,brockjennifer@hotmail.com,337 Stephanie Harbors Apt. 768,Food Distributor,"Monday, Friday, Sunday, Wednesday"
V0368,John,Perkins,2000-06-22,walkertina@gmail.com,8976 Ortega Way,Care Giver,"Monday, Saturday, Wednesday, Friday"
V0369,Justin,Collier,2005-05-18,maysjodi@hotmail.com,02907 Thompson Mission Apt. 370,Food Distributor,"Saturday, Sunday, Tuesday, Friday, Wednesday"
V0370,Ernest,Murphy,1987-04-09,joanna80@arias-barrett.biz,34770 Williams Mountain,Event Organizer,"Friday, Thursday, Sunday, Wednesday"
V0371,Danielle,Massey,2000-05-23,daviskyle@martin-jones.com,40434 Clark Bridge,Medical Assistant,"Saturday, Wednesday, Tuesday, Friday, Sunday"
V0372,William,Rivera,1989-05-03,ahernandez@brock-lawrence.com,9682 Melissa Passage Suite 182,Care Giver,"Friday, Sunday, Tuesday, Wednesday, Saturday"
V0373,Jason,Griffin,1967-09-03,hjenkins@williams.biz,555 Joseph Ramp,Tutor,"Sunday, Wednesday, Monday"
V0374,Amanda,Becker,1967-05-29,karenbailey@hotmail.com,9879 Stacy Crest Suite 548,Event Organizer,"Thursday, Tuesday, Friday, Monday, Wednesday"
V0375,Wesley,Griffin,1982-10-08,harmonchristopher@yahoo.com,426 Wells Expressway Suite 506,Care Giver,"Sunday, Saturday, Monday"
V0376,Tamara,Bush,1980-01-06,sharon40@hotmail.com,87867 Haley Summit Apt. 833,Care Giver,"Sunday, Saturday, Wednesday"
V0377,Jennifer,Kelly,1973-04-05,walkeramanda@hotmail.com,38269 Tasha Canyon Suite 641,Care Giver,"Wednesday, Sunday, Tuesday"
V0378,John,Wolf,1980-06-25,joshua98@daniels-evans.com,18191 Jesse Corner Suite 642,Food Distributor,"Monday, Thursday"
V0379,April,Mejia,1995-01-02,oconnordouglas@henderson-downs.biz,332 Obrien Greens,Tutor,"Monday, Wednesday, Sunday, Tuesday"
V0380,Robert,Tate,1977-06-05,obell@hotmail.com,306 Ballard Villages,Medical Assistant,"Tuesday, Sunday, Saturday, Monday, Thursday"
V0381,Jonathan,Lawson,1981-02-18,michealsnyder@crawford-smith.net,6271 Dickerson Drive,Care Giver,"Wednesday, Monday, Thursday, Tuesday"
V0382,Heather,Pope,1964-07-20,jonathan34@ewing.biz,1965 Roberts Parks,Tutor,"Tuesday, Monday"
V0383,Theresa,Holder,1971-08-20,lisalong@gmail.com,4365 Dean Terrace Apt. 083,Tutor,"Sunday, Monday"
V0384,Amy,Walter,2001-05-02,smithchristopher@campbell.com,8116 Samuel Parkway Apt. 499,Care Giver,"Friday, Sunday, Wednesday, Saturday, Tuesday"
V0385,Danielle,Smith,1994-05-02,wowens@odom-cantrell.com,599 Garcia Ford,Tutor,"Wednesday, Saturday, Sunday"
V0386,Sara,Knapp,1991-10-24,johnfox@jones.info,43674 Rodriguez Harbor Suite 405,Food Distributor,"Monday, Sunday, Friday, Thursday"
V0387,Susan,Harris,2003-12-11,joseadams@hotmail.com,820 Tyler Rapid,Tutor,"Wednesday, Saturday, Friday, Tuesday, Sunday"
V0388,Douglas,Rodriguez,1974-06-27,lorialvarado@yahoo.com,323 Bradshaw Field Apt. 657,Medical Assistant,"Thursday, Sunday, Monday, Tuesday, Wednesday"
V0389,Michelle,Gilmore,1959-09-21,fernandezthomas@brown-burnett.com,349 Robin Vista Apt. 324,Event Organizer,"Sunday, Wednesday, Tuesday, Friday"
V0390,Andrew,Howard,1987-09-06,vhudson@wright.com,2934 Eric Glen Apt. 425,Care Giver,"Wednesday, Monday, Sunday, Thursday"
V0391,Heather,Taylor,1975-03-28,martinezrebecca@ryan.net,235 Linda Mill,Food Distributor,"Saturday, Monday, Wednesday"
V0392,Christopher,Smith,1984-12-01,tlester@gmail.com,41574 Julian Terrace,Food Distributor,"Tuesday, Saturday, Sunday, Thursday, Wednesday"
V0393,Brad,Robinson,1962-08-17,wdavidson@fernandez-nelson.com,12891 Thomas Valley Suite 200,Event Organizer,"Friday, Thursday, Monday, Wednesday, Tuesday"
V0394,Christopher,Nelson,1973-09-11,willie80@carey.info,7697 Wilson Station,Medical Assistant,"Friday, Tuesday, Thursday, Wednesday, Saturday"
V0395,Christopher,Torres,1992-09-28,erinaguilar@yahoo.com,0773 Williamson Shoals,Care Giver,"Friday, Thursday, Monday, Saturday"
V0396,Patrick,West,1975-08-22,oconnorjeffrey@hotmail.com,53056 Sara Valleys Suite 959,Care Giver,"Thursday, Monday"
V0397,Christine,Cooper,1981-04-28,hunter99@hotmail.com,13592 Amy Bypass,Tutor,"Friday, Thursday, Sunday"
V0398,Ann,Carter,1966-01-10,gbrown@yahoo.com,6337 Greene Plain Suite 641,Care Giver,"Saturday, Thursday, Tuesday, Monday"
V0399,Michael,Morris,1986-07-11,joseph99@gmail.com,2579 Smith Lakes Apt. 890,Medical Assistant,"Monday, Sunday"
V0400,Michael,Crawford,1961-06-15,deannamartin@gmail.com,1984 Christopher Brook,Tutor,"Saturday, Thursday, Monday, Wednesday, Friday"
V0401,Kelly,Juarez,1990-10-31,blewis@figueroa.org,918 Steven Plains Suite 811,Tutor,"Friday, Wednesday, Saturday, Sunday"
V0402,James,Thompson,1959-08-03,adamsstephanie@bell.com,769 Smith Coves,Care Giver,"Sunday, Wednesday, Monday, Thursday"
V0403,Ryan,Galvan,1998-04-18,herrerashannon@yahoo.com,921 Hernandez Mount,Care Giver,"Monday, Friday, Sunday, Saturday, Thursday"
V0404,Jeff,Johnson,1997-01-13,stephen01@gmail.com,197 Bradley Glen,Food Distributor,"Wednesday, Sunday, Monday, Friday, Tuesday"
V0405,Nathaniel,Salazar,2000-01-19,zmullen@yahoo.com,40703 Taylor Knolls,Food Distributor,"Tuesday, Monday"
V0406,William,Cain,1989-08-18,cperez@dominguez.com,914 Morales Corners Apt. 302,Food Distributor,"Friday, Thursday, Saturday, Sunday"
V0407,Patrick,Craig,1985-12-12,melanie22@yahoo.com,9313 Pierce Spur,Food Distributor,"Friday, Tuesday, Thursday"
V0408,Carolyn,Jensen,1976-06-27,mbaker@hotmail.com,91584 Melissa Tunnel,Food Distributor,"Monday, Wednesday, Friday, Sunday"
V0409,Kelly,York,1995-10-14,suzannelong@hale-huynh.org,418 Denise Heights Apt. 799,Medical Assistant,"Sunday, Wednesday, Thursday, Monday"
V0410,Pamela,Morris,1972-07-07,daniel75@hotmail.com,640 Stephenson Road Apt. 999,Tutor,"Tuesday, Wednesday"
V0411,Melissa,Cook,1995-12-08,walkerkimberly@martinez.org,908 Raven Bypass Apt. 024,Medical Assistant,"Saturday, Wednesday"
V0412,Timothy,Edwards,1963-12-02,kevinlong@yahoo.com,48682 Jones Gardens Suite 364,Tutor,"Saturday, Friday"
V0413,Kim,Jones,1975-11-20,ilopez@olson.net,20709 Wolfe Trail Suite 960,Event Organizer,"Monday, Saturday, Tuesday, Sunday, Wednesday"
V0414,Michelle,Johnson,1970-02-01,mmatthews@gmail.com,85009 Christian Fork Apt. 803,Care Giver,"Saturday, Thursday, Wednesday, Tuesday, Friday"
V0415,Rodney,Hartman,1998-04-25,williamsanders@gmail.com,450 Brandon Mission,Medical Assistant,"Tuesday, Saturday, Sunday"
V0416,Regina,Sullivan,1995-08-12,davilajames@savage.com,0581 Brown Pass Suite 728,Event Organizer,"Thursday, Friday, Tuesday, Sunday"
V0417,Karen,Webb,1972-11-22,yhouse@yahoo.com,35393 Miller Park,Food Distributor,"Sunday, Tuesday, Monday, Thursday, Friday"
V0418,Benjamin,Long,1984-03-03,franklindiana@hotmail.com,6773 Franklin Drives,Event Organizer,"Thursday, Friday"
V0419,Jennifer,Gonzalez,1999-12-17,dixonnicole@yahoo.com,65238 Erickson Trace,Event Organizer,"Sunday, Friday, Tuesday"
V0420,Richard,Evans,1959-07-29,lisagentry@edwards-barnes.com,91983 Brown Course,Medical Assistant,"Thursday, Tuesday, Wednesday"
V0421,Victor,Jordan,1997-07-18,adamroberts@gmail.com,86278 David Summit,Tutor,"Friday, Sunday, Tuesday"
V0422,Aaron,Suarez,1962-09-26,cassandraramos@hotmail.com,5122 Huang Ramp,Care Giver,"Thursday, Saturday, Wednesday, Friday"
V0423,Michael,Walter,1982-02-20,pjones@hotmail.com,792 Tucker Green,Food Distributor,"Friday, Thursday, Wednesday"
V0424,Wesley,Martin,1993-08-23,hartmankaren@hotmail.com,812 Roberts Street,Food Distributor,"Tuesday, Monday, Thursday, Sunday"
V0425,Matthew,Marks,1976-05-30,darrenhanson@yahoo.com,66833 Gregory Plain Suite 394,Medical Assistant,"Saturday, Wednesday, Friday, Monday, Tuesday"
V0426,James,Thompson,1992-06-15,aaronbryant@lee.com,9291 Sandy Locks Apt. 473,Tutor,"Friday, Thursday, Sunday"
V0427,Haley,Kemp,1974-09-11,norrisharold@mullen.info,726 Anderson Lights,Care Giver,"Thursday, Wednesday"
V0428,Sandra,Kaufman,1989-03-20,corey12@hotmail.com,7697 Lisa Lodge Suite 270,Food Distributor,"Thursday, Wednesday, Tuesday"
V0429,Katherine,Evans,1964-11-19,isimmons@yahoo.com,462 Kevin Rest,Care Giver,"Saturday, Wednesday"
V0430,Judy,Barrett,2001-07-28,ltodd@jarvis.biz,88412 Ruiz Skyway Suite 545,Medical Assistant,"Sunday, Monday, Thursday"
V0431,Julia,Phillips,1972-06-20,carlsoncynthia@williams.com,561 Lynch Station,Tutor,"Friday, Monday, Tuesday"
V0432,Luis,Werner,1972-02-27,alvaradobrandon@gmail.com,4151 Thomas Alley Suite 535,Food Distributor,"Sunday, Monday"
V0433,David,Wright,2005-02-15,darrenjenkins@gmail.com,29311 Jamie Harbors Suite 286,Medical Assistant,"Sunday, Saturday"
V0434,Aaron,Morgan,1996-04-03,wilkinsonjessica@yahoo.com,49872 Andrea Canyon Apt. 667,Medical Assistant,"Wednesday, Tuesday, Sunday, Monday"
V0435,Matthew,Castaneda,1998-05-18,alison69@villanueva.com,96316 Danielle Estate,Tutor,"Sunday, Tuesday"
V0436,Diana,Gordon,1998-04-26,dhaley@jones.org,120 Hunt Brook Apt. 232,Tutor,"Sunday, Friday, Saturday, Wednesday"
V0437,Jennifer,Trevino,1994-10-14,rachelhebert@bell-bryan.com,915 Orozco Well,Event Organizer,"Monday, Wednesday"
V0438,Joseph,Howard,2000-11-21,zwilliams@pugh-watts.com,599 Cox Harbor,Event Organizer,"Sunday, Tuesday"
V0439,Rebecca,Cantu,2007-03-22,sharilutz@avila.biz,212 Michael Crossroad Apt. 591,Event Organizer,"Thursday, Sunday"
V0440,Thomas,Perry,2000-07-10,tbrennan@lucero-bray.net,31829 Jennifer Creek Suite 540,Event Organizer,"Friday, Monday, Wednesday"
V0441,David,Davis,1997-07-20,jamesgonzales@yahoo.com,80742 Salazar Expressway Suite 341,Food Distributor,"Saturday, Tuesday, Sunday, Thursday"
V0442,Gabrielle,Brown,1973-04-13,hernandezamber@yahoo.com,51643 Daniel Spring,Food Distributor,"Tuesday, Wednesday, Thursday, Sunday, Friday"
V0443,Barbara,Luna,1986-11-15,jennifer52@cruz.biz,332 Schmidt Rest,Event Organizer,"Saturday, Thursday, Tuesday, Friday"
V0444,Robert,Hayden,1961-01-04,wdrake@gmail.com,69584 Robertson Shoals,Medical Assistant,"Tuesday, Saturday"
V0445,Mary,Martinez,1982-04-20,monicabowers@bell-smith.com,426 Brown Ville Apt. 016,Care Giver,"Tuesday, Friday, Thursday, Saturday"
V0446,Christopher,Miller,1972-12-11,cbradford@perry-young.org,89586 Ellison Parkway Suite 606,Event Organizer,"Monday, Saturday, Thursday, Friday, Tuesday"
V0447,Sylvia,Davis,1984-04-08,mccartysarah@perry.com,98213 Williams Valley,Food Distributor,"Saturday, Tuesday"
V0448,David,Wolfe,1974-08-03,rachel21@gmail.com,6419 Chelsea Spur,Event Organizer,"Thursday, Friday, Sunday, Tuesday"
V0449,Juan,Rogers,1996-12-06,francis36@warren-stone.com,86027 Lopez Valley Suite 299,Tutor,"Thursday, Wednesday, Saturday, Tuesday, Sunday"
V0450,Nicholas,Harrison,1982-05-22,glewis@hernandez-mccoy.com,966 Garza Falls Suite 607,Food Distributor,"Sunday, Wednesday, Saturday, Friday"
V0451,Debbie,Santos,1984-11-24,sjames@burns.com,524 Johnson Views,Medical Assistant,"Wednesday, Tuesday, Monday, Thursday, Sunday"
V0452,Christopher,Brown,1995-09-24,kirkmoreno@martin.com,52138 Richard Rest Apt. 970,Event Organizer,"Tuesday, Saturday"
V0453,Seth,Vasquez,2002-12-16,ywatson@taylor-watkins.com,362 Parker Isle Suite 093,Event Organizer,"Thursday, Monday, Sunday"
V0454,Laura,Schmidt,1974-03-25,pamela34@gmail.com,5789 Turner Mission Suite 350,Care Giver,"Wednesday, Friday"
V0455,Meredith,Chambers,1995-10-14,alexanderkathy@hotmail.com,472 Michael Villages Apt. 028,Event Organizer,"Wednesday, Monday"
V0456,Gregory,Alexander,1994-05-12,jill72@gmail.com,68867 Frazier Union Suite 243,Care Giver,"Wednesday, Monday, Thursday, Friday, Tuesday"
V0457,Derrick,Gordon,1969-03-15,bfox@long.org,815 Carmen Garden Suite 851,Event Organizer,"Saturday, Friday, Sunday, Wednesday, Tuesday"
V0458,Jeremy,Butler,1961-11-03,jerome20@forbes-delgado.info,977 Melissa Coves Apt. 475,Food Distributor,"Monday, Sunday, Saturday, Thursday"
V0459,Cindy,Graham,1998-02-27,randy06@yahoo.com,716 Megan Track Apt. 864,Medical Assistant,"Saturday, Friday, Tuesday, Sunday"
V0460,Kimberly,Torres,2002-05-06,piercedaniel@shaffer-jensen.biz,84548 Bates Trail,Event Organizer,"Monday, Sunday, Tuesday"
V0461,Joseph,Perez,1994-07-30,jennifercarroll@wagner-walls.com,567 Krystal View Suite 013,Event Organizer,"Tuesday, Saturday, Thursday, Sunday, Wednesday"
V0462,Brittany,Middleton,1974-07-20,alexismills@hotmail.com,3263 Thomas Lock,Tutor,"Friday, Monday, Saturday"
V0463,Terrance,Taylor,1970-03-10,peterskatherine@hotmail.com,2639 Kimberly Junctions,Medical Assistant,"Sunday, Thursday, Friday"
V0464,Stacy,Duncan,1970-11-03,brittanyevans@walters.biz,33064 Sullivan Stravenue Suite 516,Food Distributor,"Thursday, Friday, Tuesday, Saturday, Wednesday"
V0465,Raymond,Anderson,1962-10-15,lindsay91@yahoo.com,83548 Brown Crossing,Care Giver,"Sunday, Monday, Friday, Tuesday, Wednesday"
V0466,Jason,Saunders,1976-07-20,erikortiz@gmail.com,5380 Anthony Brooks,Event Organizer,"Saturday, Friday"
V0467,Greg,Chambers,1969-07-19,msullivan@yahoo.com,8232 Christopher Dale,Medical Assistant,"Wednesday, Friday, Thursday, Sunday, Saturday"
V0468,Steven,Orozco,1978-05-05,gregorybethany@ross.com,306 Lisa Ways,Tutor,"Friday, Saturday, Wednesday"
V0469,Arthur,Gonzalez,1991-07-04,ryanking@brown.com,693 Burton Union Apt. 897,Food Distributor,"Tuesday, Saturday, Monday"
V0470,Michael,Vargas,2001-11-11,kimberly47@day.com,189 Marquez Field,Medical Assistant,"Wednesday, Saturday, Sunday, Thursday, Monday"
V0471,Duane,Stephenson,1972-02-28,ubullock@murphy.org,225 Alexander Isle Suite 363,Tutor,"Tuesday, Wednesday, Monday"
V0472,Stacey,Santiago,1975-02-24,johncharles@morris.com,71812 Kristopher Shores Suite 847,Event Organizer,"Saturday, Tuesday, Monday"
V0473,Eddie,Patrick,2001-02-25,carrollmatthew@hotmail.com,0391 Randall Roads,Care Giver,"Sunday, Tuesday"
V0474,Yesenia,Bryant,2006-11-16,bwebb@gray.com,59816 Jason Spur,Tutor,"Saturday, Friday, Monday"
V0475,Eric,Brown,1998-03-14,yguzman@cox-hendrix.net,47406 Marcus Branch,Tutor,"Friday, Monday, Thursday"
V0476,Noah,Ware,1983-11-15,porterrobert@chavez-jones.com,079 Henry Spurs Apt. 385,Tutor,"Friday, Thursday, Monday, Saturday"
V0477,Lisa,Evans,1980-05-12,perryheather@yahoo.com,740 Hamilton Cape,Care Giver,"Sunday, Wednesday, Monday, Friday, Thursday"
V0478,Karen,Blackburn,1975-03-01,nicolelong@anderson.com,5343 Pittman Canyon Suite 203,Care Giver,"Monday, Friday, Sunday, Saturday, Wednesday"
V0479,Sergio,Schultz,1985-08-18,jose67@hotmail.com,25934 Smith Throughway Suite 260,Care Giver,"Wednesday, Monday"
V0480,Jerry,Greene,1995-06-11,tina71@reed-allen.com,389 Freeman Village Apt. 310,Food Distributor,"Monday, Wednesday, Tuesday, Sunday"
V0481,Joshua,Wagner,1979-11-11,jfrazier@yahoo.com,93078 Heather Curve Suite 308,Food Distributor,"Thursday, Wednesday, Friday"
V0482,Alyssa,Woods,1966-02-07,qmills@gmail.com,50054 Paula Pike Suite 392,Care Giver,"Friday, Monday, Saturday"
V0483,David,Johnson,1982-03-07,kenneth55@gmail.com,61303 Jasmine Ways Suite 596,Food Distributor,"Saturday, Monday, Thursday, Sunday, Wednesday"
V0484,Timothy,Kim,1985-06-22,wisemichelle@hotmail.com,2578 Smith Walk Apt. 717,Food Distributor,"Sunday, Saturday, Tuesday"
V0485,Thomas,Johnson,1982-11-09,danielhatfield@gmail.com,4311 Keith Falls Apt. 987,Event Organizer,"Monday, Tuesday, Friday, Thursday, Saturday"
V0486,Rhonda,Mcneil,1988-07-16,timothytorres@wyatt.com,82340 James Court,Care Giver,"Wednesday, Saturday, Thursday"
V0487,Audrey,Lowe,1964-04-09,kathrynburgess@tran-stokes.com,2785 Danielle Junction,Food Distributor,"Friday, Wednesday, Saturday, Thursday"
V0488,Matthew,Larson,2003-01-19,tina71@gmail.com,5987 Valencia Tunnel Suite 776,Care Giver,"Saturday, Tuesday, Friday"
V0489,Elizabeth,Hayes,1974-08-07,brian04@hotmail.com,37602 Ayala Parkways Suite 409,Food Distributor,"Sunday, Thursday"
V0490,Thomas,Martinez,1972-10-02,andersonclifford@yahoo.com,066 Johnson Summit Suite 451,Medical Assistant,"Sunday, Friday, Thursday, Saturday, Wednesday"
V0491,Cheryl,Steele,1989-10-13,andrehuber@clark.biz,9173 Taylor Course Suite 404,Event Organizer,"Monday, Sunday, Saturday"
V0492,Matthew,Peterson,1979-11-02,stanley87@nicholson.com,934 Nichols Fields Suite 088,Care Giver,"Wednesday, Tuesday, Sunday"
V0493,Carla,Preston,1962-11-02,perezcorey@larson.com,678 Jessica Shore Apt. 185,Care Giver,"Wednesday, Thursday, Saturday, Sunday"
V0494,Daniel,White,1978-04-21,waltonjeremy@hotmail.com,26339 Amanda Spurs Apt. 041,Care Giver,"Tuesday, Sunday"
V0495,Crystal,Fuentes,1973-03-29,reneescott@yahoo.com,825 Wilson Place,Care Giver,"Friday, Sunday, Saturday, Wednesday, Thursday"
V0496,Suzanne,Schmidt,1972-04-21,william34@hotmail.com,92449 Farmer Turnpike Suite 303,Medical Assistant,"Friday, Monday, Wednesday, Saturday"
V0497,Kathy,Tyler,2002-07-12,emilyflores@bullock-hubbard.com,6873 Peter Road,Care Giver,"Monday, Sunday, Wednesday, Thursday"
V0498,Kathleen,Morrison,1970-11-17,tracycampos@hotmail.com,63498 Eric Plaza Suite 194,Care Giver,"Monday, Wednesday, Thursday, Sunday, Friday"
V0499,Lisa,Terry,1977-10-15,nharris@hotmail.com,351 Nelson Place,Event Organizer,"Saturday, Monday"
V0500,Brandon,Mcclain,1982-05-08,tyler18@gmail.com,36496 Tyler Lake Suite 405,Event Organizer,"Monday, Thursday, Wednesday, Saturday, Sunday"
